Node_id,Node_Name,CCF,Mutations
1,A,100,chr3_54417077+chr1_16058168+chr19_20447568+chr4_34763815+chr3_42970268+chr19_12491876
10,B,31,chr22_10842441+chr2_64587171+chr22_13773356+chr18_65184912+chr3_4352126+chr19_8069046+chr3_57970668
11,C,69,chr20_42038341+chrY_42528200+chr6_34032844+chr16_47137170+chr8_45714351+chr1_41584673+chr2_61405010
100,D,6,chr5_8903558+chr9_49943668+chr8_43656631+chr22_54201027+chr6_11672346
101,E,25,chr17_7445147+chr18_61708624+chr20_13309430+chr6_7885945+chr10_21208154+chr19_18624540+chr14_13751841
110,BL,16,chrX_47342622+chrY_14528291+chr21_31506944+chr7_42775302+chr18_63999674+chr16_57693136+chr14_63484044
111,BM,53,chr1_18428048+chr11_65040715+chrX_50213863+chr8_21752922+chrX_52136302+chr7_57445150
1000,F,2,chr11_46500609+chr14_5328446+chr2_48960866+chr9_36036204+chr23_28641149+chr9_65744592+chr2_62697398
1001,G,4,chr17_29501176+chr2_8916742+chrY_47361465+chr2_12440155+chrY_60686093+chr6_26607200+chr13_32116947
1010,P,2,chr12_47583239+chr20_59303438+chr14_23331908+chr3_61996407+chr17_47728303+chr17_47652364+chr8_22184297
1011,Q,23,chr23_5978955+chr20_5573491+chr5_37622795+chr6_66114800+chrX_24928989+chr11_56444623
1100,BN,4,chr3_61980638+chr23_31004137+chr2_10399967+chr13_37088492+chr1_3036749+chr17_60567723+chr14_57663987
1101,BO,12,chr21_17770228+chr8_20401833+chr19_42703397+chr13_63123793+chr19_3155941+chr15_10579047
1110,CR,3,chr7_57642200+chr1_51639021+chr16_11364205+chr12_40313351+chr11_63773020+chr5_41131592+chr23_41858236+chrX_37556994
1111,CS,50,chr19_42245238+chr18_54796093+chr17_58791471+chr2_57058029+chr5_15823302+chr11_54886847+chr23_2161206
10000,H,1,chr7_522363+chr11_40487562+chr23_54136363+chr12_40095049+chr15_2874611+chr22_34105675+chr18_43113836
10001,I,1,chr7_55897758+chr15_57118112+chr14_10458871+chr20_25843175+chr19_65751944+chr1_55616497+chr6_20018665
10010,J,2,chrX_21028694+chr19_18261927+chrX_26619536+chr4_28751062+chr4_11813269+chr10_25272542
10011,K,2,chr16_8802309+chrX_31204046+chr13_63396572+chr5_29870151+chr23_42367619+chr12_2514969+chr20_59934005
10100,R,1,chr22_38863531+chr14_45721114+chr6_12088852+chr11_55983492+chr5_13767618+chr2_44371271+chr22_53926641
10101,S,1,chr10_50237653+chr18_30619237+chr8_24131910+chr9_54960022+chr13_54442159+chr21_9202166
10110,T,5,chr12_15502230+chr22_33550109+chr18_57819392+chr9_61472226+chr16_6949029+chr19_65853556+chr6_39473794
10111,U,18,chr2_34878605+chr9_24730719+chr5_17676534+chr21_41502278+chr14_55417562+chr10_36558512+chr22_40194141
11000,BP,2,chr12_8388030+chr18_41056347+chr1_26338193+chrY_44289659+chr16_31835562
11001,BQ,2,chr2_65342532+chr16_9809118+chr2_30853710+chr1_3456304+chr11_5410874+chr8_25933817+chrX_41222792
11010,BV,4,chr14_11349528+chr3_23780433+chr22_40923224+chr11_60308957+chr3_17193957+chr20_30166618+chr5_10815509
11011,BW,8,chr8_23250721+chr5_28667114+chr15_3719884+chr12_52457617+chr1_5590491
11100,CT,1,chr21_31921371+chr8_38092585+chr22_12423174+chr23_15730289+chr9_5410302+chr21_14612680+chr21_46001491+chr23_18531061
11101,CU,2,chr18_31124549+chr6_37593785+chrY_55640840+chrY_5528740+chr16_8560983
11110,CX,13,chr11_25216905+chrY_41844038+chrX_46259282+chr11_10532422+chr2_27843662+chr10_41004158+chr14_1031236
11111,CY,37,chr2_28256582+chr12_33494740+chr9_35236203+chr12_50000920+chr21_25093843+chr13_23783918
100100,L,1,chr5_51946823+chr7_62599018+chr15_11938832+chr19_58209736+chr19_39020753+chr8_44070867+chr12_2907571
100101,M,1,chr18_18624929+chr14_40981284+chr22_51600209+chr9_41948076+chr8_66281090+chr16_62268493
100110,N,1,chrY_33194733+chrY_33237084+chr3_65688293+chr18_54287879+chr16_61518474+chr6_63787431
100111,O,1,chr6_36082737+chr7_48813098+chr6_12295279+chr4_39380109+chr1_31025366+chr9_15550032+chr3_55084468
101100,V,1,chrY_4964534+chr6_42078005+chr16_3180517+chr17_4686170+chr10_35893034+chr23_1744581+chr19_18334954
101101,W,4,chr21_3679029+chr15_41168159+chrY_53158628+chr15_64398773+chr2_1569609+chr1_63158833
101110,AD,9,chr7_23873094+chr14_41434903+chr8_27789676+chr22_35135953+chr16_7833586+chr2_31082935
101111,AE,9,chr2_65348794+chr15_11766664+chr23_26274412+chr2_7853759+chr7_35976972+chr13_64884576+chr22_65184811
110000,BR,1,chr5_46664888+chr20_35070544+chr2_43890319+chr15_53661665+chrX_32287259+chr12_41200553+chr1_22474700
110001,BS,1,chr21_45884710+chr22_49753164+chrX_42022339+chr4_11214204+chr20_17805206+chr13_6688793+chr4_31795892
110010,BT,1,chr12_49777472+chr8_20476818+chr19_35306932+chr9_51481829+chr9_54588482+chr13_119098
110011,BU,1,chr6_60844312+chr18_45434031+chr13_20527632+chr10_61937320+chr11_22785537+chrX_48456916+chr20_10474173
110100,BX,2,chr1_57545506+chr15_332377+chr1_24283793+chr18_21158670+chrX_44519610+chr22_7927808
110101,BY,2,chr3_57155944+chr19_63771418+chr3_55494620+chr22_45793796+chr9_22236120+chr18_50278658+chr19_8606330
110110,CD,1,chr3_59450276+chr23_47677690+chr15_14237005+chr11_49598127+chr16_24790533+chr22_54976501+chr13_15441237
110111,CE,7,chr5_3779147+chr2_8945076+chr23_60112908+chr14_7906194+chrY_26959743+chr23_30610398
111010,CV,1,chr12_56903387+chr5_55933856+chr2_12826615+chrY_31812161+chr23_26129856+chr6_61903208+chr12_11807948+chr21_62652081
111011,CW,1,chr21_62948676+chr18_55007039+chr20_16578020+chr1_823760+chr8_29262474+chr5_1318974
111100,CZ,3,chr21_60581796+chr3_23369240+chr10_8269464+chr5_33370869+chr6_40847847+chr2_45059729
111101,DA,10,chr9_45709477+chr23_54018693+chr15_64538640+chr18_18824824+chr1_57678164+chr12_3625841+chrY_8177276
111110,DX,17,chr15_60937496+chr10_11785075+chr11_3908835+chr14_10056304+chrY_22908371+chr13_37874286+chr12_63780589
111111,DY,20,chr16_11298725+chr13_15174043+chr16_15798544+chr9_15211052+chrY_14870305+chr8_64341465+chr20_64779071
1011010,X,2,chr7_37430975+chr8_15466298+chr11_23197321+chr15_2366216+chr2_58298234
1011011,Y,2,chr18_30720864+chr9_64146590+chrX_27390890+chr9_10426836+chr21_46662828+chr22_12959401
1011100,AF,2,chr7_44661072+chr19_32770832+chr13_46875594+chr15_59140388+chr3_45343208
1011101,AG,7,chr18_24380944+chr15_11715885+chr21_45927708+chr17_46989520+chr18_56515985
1011110,AV,3,chr20_42525154+chr22_8632364+chr6_33405886+chr20_5416223+chr20_47679797
1011111,AW,6,chr3_35550364+chr19_38748607+chr4_53642008+chr13_46841219+chr17_10899253
1101000,BZ,1,chr23_50307201+chr15_30795423+chr12_52737749+chr18_32535192+chr17_31494396+chr16_17538551
1101001,CA,1,chr3_4012641+chr9_14345163+chr16_45182087+chr4_31415305+chrX_60812274+chrY_65120081+chrY_47801419
1101010,CB,1,chr16_28702539+chr15_1310401+chr9_28317756+chr8_22011530+chr11_53566075+chr3_39116624+chr15_27639408
1101011,CC,1,chr21_32267973+chr18_59978483+chr14_30008914+chr21_59524350+chr7_1016086+chr11_52566904+chr15_6114219
1101110,CF,2,chr6_58813373+chr18_3174107+chr10_58292387+chr14_54153305+chr13_21832858+chr8_13248521
1101111,CG,5,chr15_55365724+chr18_61410783+chr6_34787263+chr21_23759538+chr7_55362526+chr22_63921165
1111000,DB,1,chr23_57427003+chr7_60360003+chr15_21425991+chrX_20845071+chr5_32811607+chr5_3245212+chr1_10652162+chr7_42058153
1111001,DC,2,chr8_39449820+chr13_41936430+chr21_28734622+chr17_48069764+chr4_10936153+chr5_59304547
1111010,DF,5,chrX_22433695+chr5_27622004+chr5_6692848+chr15_53794930+chr1_3310398+chr17_64365991+chr17_36595804
1111011,DG,5,chr2_57557976+chr9_27056046+chr12_59076020+chrX_64790691
1111100,DZ,4,chr15_30126262+chr1_60879401+chr8_27179658+chr19_52173778+chr21_54859579+chr8_63247270+chr17_41396898
1111101,EA,13,chr5_62002059+chr13_66552648+chr17_2779466+chr20_111757+chr23_15608410+chr10_24511797
1111110,FF,2,chr2_23247166+chr17_11975511+chr9_53490698+chr18_9171352+chr8_7385647+chr5_6760336
1111111,FG,18,chr22_20804954+chr5_36077875+chr19_57834691+chr4_10700929+chr19_13126814+chr18_11426576+chr15_56682995
10110100,Z,1,chr5_62316142+chrY_19678412+chrX_53488747+chr4_14729814+chr12_64054495+chr7_8181119+chr23_22770759
10110101,AA,1,chr15_61415241+chr12_31890975+chrY_16091549+chr14_24173379+chr23_49063575
10110110,AB,1,chr17_57084772+chr1_15990882+chr3_60877552+chr21_50364584+chr16_37583967+chr22_41980280
10110111,AC,1,chr5_20947703+chr6_36863+chrY_46867715+chr4_1937297+chr17_382794
10111000,AH,1,chr4_15615600+chr22_27471452+chr10_22595466+chr1_27786345+chr9_12779074+chr9_26428001
10111001,AI,1,chrY_39883634+chr23_16601887+chr23_56343123+chr9_4681586+chrY_13882904
10111010,AJ,2,chr10_55669441+chr15_12380226+chr17_33912400+chr22_47285726+chr5_41603857+chr2_41128692+chr4_53272846
10111011,AK,5,chrX_5613818+chr9_18745262+chr22_374749+chr3_4885738+chr11_2633192+chr9_41641697
10111100,AX,1,chr14_50998121+chr16_62046323+chr14_37430724+chr15_20874804+chr11_40606981+chr19_6410253
10111101,AY,2,chr23_42586318+chr12_63371524+chr14_7923266+chrX_3057692+chr22_32414460+chr6_50043317+chr9_18978639
10111110,BB,3,chr1_18385876+chr12_22034744+chr23_66422130+chrY_36968180+chr3_20553073+chr21_33912952
10111111,BC,3,chr14_40568311+chr15_30148632+chr9_8228242+chr12_12129834+chr21_43608948+chr6_50877692+chr4_52487689+chr19_28618301
11011100,CH,1,chr22_38813903+chr22_9609407+chr13_56265447+chr3_63088017+chr17_57142195+chr6_41518945+chr22_65061803+chrY_11502628
11011101,CI,1,chrY_13819289+chr10_55600349+chr11_29845939+chr22_31576510+chr14_27327022
11011110,CJ,1,chr3_11524509+chr21_13476773+chrX_24908799+chr19_25563532+chr7_10266454+chr23_7946539
11011111,CK,4,chr20_63933440+chr1_4344682+chr22_44970959+chr7_64068771+chrY_30004541+chr16_4278073
11110010,DD,1,chr6_51078090+chr12_32175732+chr10_5979028+chr6_49854003+chr15_453963
11110011,DE,1,chrY_48957777+chr11_23247799+chr11_24567380+chr1_60486692+chr9_38974854+chr21_32885716+chr2_11687987
11110100,DH,2,chr3_31067688+chr10_27062829+chr8_33797696+chr2_50147085+chrX_8565413+chr13_59852464+chr8_51665405+chr5_34743944
11110101,DI,3,chr10_62037646+chr3_8871360+chr6_35654150+chr15_18118717+chr5_2840572+chr12_29764427+chr3_61927848
11110110,DP,2,chr5_61231314+chr10_45577194+chr20_6322147+chrX_63573075+chr15_8612469+chr20_57062122
11110111,DQ,3,chr18_3750761+chr9_55976896+chrY_44265308+chr23_48286315+chr22_40084321
11111000,EB,2,chr21_47169098+chrX_27333922+chr22_62499146+chr11_44080134+chr23_6797142+chr11_12101195+chrX_52222961+chr15_56408026
11111001,EC,2,chr15_11733690+chr1_1161721+chr22_21918458+chr23_59694574+chr9_56684123
11111010,EH,5,chr16_53011425+chr19_53997367+chr15_29065242+chr12_65690658+chrX_23848510+chr7_8445164+chr14_25250929+chr13_51306038
11111011,EI,8,chr3_31343504+chr7_59848947+chr7_61152016+chr17_61180066+chr19_8948054
11111100,FH,1,chrX_62692247+chr3_59794339+chr9_2985646+chr23_31138938+chr9_64505539+chr9_44697567+chr13_32103426
11111101,FI,1,chr14_19342580+chr3_56490966+chr12_10991334+chr5_14805199+chrY_38555645+chr13_11366574
11111110,FJ,1,chr8_42977257+chr16_63852967+chr22_36131657+chr6_39999874+chr10_59567776+chr6_857458+chr11_4550972+chr14_32296636
11111111,FK,17,chr15_63345366+chr19_13288084+chr19_11663533+chr4_43282324+chr14_39554993+chr17_45356878
101110100,AL,1,chr18_9095107+chr17_33892426+chr20_27832873+chr8_61402870+chr15_29633331+chr20_13091885
101110101,AM,1,chr9_47923641+chr5_28335693+chr8_31727903+chr6_30324975+chr8_1326445+chrY_20808593+chr9_28000280
101110110,AN,2,chr2_26071353+chr18_65569189+chr18_11272945+chr1_64820348+chr3_21099134+chr2_60325348+chr17_57537893+chr14_16520806+chr3_34021486
101110111,AO,3,chrX_10265726+chr11_42191830+chr18_20498644+chr16_20155134+chr7_3566519+chr10_39847108+chr7_28549191
101111010,AZ,1,chr3_65778011+chr15_24054165+chr13_29945565+chr9_1537779+chr3_27293846+chr7_43964359+chr8_16871282
101111011,BA,1,chr8_9502525+chr23_12182904+chr1_39437102+chr2_9926930+chr7_37738714
101111100,BD,1,chr16_14057102+chr14_7548078+chr12_39277603+chrY_14101355+chr16_48723734+chr14_17794211
101111101,BE,2,chr23_19810850+chr14_39405290+chr23_30094277+chr14_10200113+chr1_40853833+chr5_57202157+chr5_37165166+chr4_60346746
101111110,BH,1,chr9_13994882+chr3_21621888+chr2_16680256+chr10_17371116+chr7_15664432+chr8_11274621
101111111,BI,2,chr13_34534283+chr14_25071884+chr14_27665116+chr13_29838277+chrX_5517489+chr1_12544313+chr12_59194948
110111110,CL,1,chr7_50366142+chr15_38411230+chr11_9225208+chrX_45914036+chr1_25656729+chr19_41248699+chr5_64170703+chr17_8969142
110111111,CM,3,chr14_6323419+chr14_32837660+chrX_55412254+chr14_54485723+chr9_63146099+chr22_55962255+chr16_19079457+chr11_20019173
111101000,DJ,1,chr7_46776907+chr21_51704477+chr20_64647195+chr15_26642812+chr1_8368064+chr10_4908318
111101001,DK,1,chr12_15936107+chr4_50548083+chr8_31965777+chr6_9291379+chr19_52797264+chr4_33194354
111101010,DL,1,chr11_47031491+chr6_45758743+chr21_16182333+chr11_42044069+chr7_15567323+chr12_42765299+chr8_52416348+chr20_61327530
111101011,DM,2,chrY_38765932+chr13_15851119+chr13_47410805+chr14_38290688+chr6_8741413+chr16_32598154+chr18_61525721
111101100,DR,1,chr5_40428767+chr16_34112835+chrY_7328355+chr10_22169159+chr9_41879747+chr13_36497075+chr19_55128795
111101101,DS,1,chr3_60054687+chr14_7248953+chr7_32833964+chr3_48693992+chr7_31457521+chrY_55267446
111101110,DT,1,chr16_64758237+chr10_14929962+chrX_62490322+chr2_50377997+chr1_58697250+chr4_30080123
111101111,DU,2,chr21_19553790+chr22_31680008+chr19_34390597+chr22_33916502+chr16_59803956+chr7_16478755
111110000,ED,1,chr7_43351144+chr18_6605788+chr18_198821+chr16_63724936+chr11_27168329+chr18_30138241+chr16_46383383
111110001,EE,1,chrX_17094664+chr17_50455531+chr14_53417876+chr9_58637789+chr9_66370049+chr3_49045057
111110010,EF,1,chr2_5191603+chr11_63089662+chr22_29051761+chr22_16491267
111110011,EG,1,chrY_48932587+chr20_27642615+chr21_40110454+chrX_47173369+chr10_8717987+chr18_49699311
111110100,EJ,1,chr10_50524463+chr11_25005524+chr21_39627312+chr19_52409255+chr5_49820222+chr18_18341664+chr20_8112179
111110101,EK,4,chr17_54098213+chr13_49074924+chr20_62700143+chr19_58975715+chr4_65805003+chr2_12472378+chr17_37731893
111110110,ER,3,chr10_29091156+chr10_36389479+chr4_63948965+chr3_15767339+chr10_46211203+chr1_27676203+chr15_30739551
111110111,ES,5,chrX_55824665+chr15_59314843+chrX_15913616+chr15_11056480+chr10_10489019+chr8_6724476
111111110,FL,7,chr8_11707307+chr23_32844486+chr2_1698020+chr4_9928615+chr5_34063809+chr14_53008213+chr15_53058423+chr9_47240024
111111111,FM,10,chr18_38167751+chr7_31251470+chr14_65170036+chr11_790684+chr13_20289771+chr20_33270175
1011101100,AP,1,chr13_30269203+chr21_28101067+chr3_46154274+chr2_13083151
1011101101,AQ,1,chr11_19760532+chr1_3847499+chr22_66416381+chr19_46357697+chrY_32115084+chr19_50614469
1011101110,AR,1,chr1_37656968+chr4_19917260+chr16_61166709+chr3_28157648+chrY_3629383+chr7_43911716+chrY_24352862
1011101111,AS,2,chr2_54315123+chr19_4341738+chr4_33422551+chr17_40334894+chr4_21891003+chr16_4971910+chr20_39507982
1011111010,BF,1,chr20_38631605+chr15_1371262+chr7_64985029+chr8_36893810
1011111011,BG,1,chr20_921499+chr5_47186678+chrY_37907675+chr6_27115836+chr8_62583115+chr2_20249140+chr18_62230662
1011111110,BJ,1,chr6_51170971+chr3_22966466+chr4_17083555+chrX_36588257+chrY_35315734
1011111111,BK,1,chrX_292227+chr18_13668850+chr5_24694205+chr7_40756966+chr7_43344300+chr2_8320443+chr3_62912927+chr13_57327956+chr20_13700019
1101111110,CN,1,chr21_24763415+chrX_52494722+chr19_10211375+chr5_53571504+chr5_4867555
1101111111,CO,2,chr1_32519337+chr3_27152905+chr17_22255810+chrX_48025540+chr1_58689655+chr9_22122202
1111010110,DN,1,chr22_12259231+chr3_10886579+chr6_55332284+chr4_1897536+chr14_64168891+chr18_50538950
1111010111,DO,1,chr9_54861023+chr22_57969062+chr2_32978371+chr18_19158736+chr10_5253314+chr20_22376870+chr13_12066940
1111011110,DV,1,chr10_25027442+chr13_43292031+chr1_18036031+chr21_31870378+chr2_58965389+chr23_54103925
1111011111,DW,1,chr15_6082013+chrX_11884468+chrX_53365481+chr22_56845370+chrX_34024295+chr9_33093445+chr17_8870478
1111101010,EL,1,chr18_22447103+chr6_58032164+chr11_53427556+chr7_47982241+chr18_26031227+chrX_542553+chr21_32785439
1111101011,EM,3,chr11_45922806+chr7_35885175+chr16_10079306+chr17_39508185+chr16_45822611+chr21_12345904
1111101100,ET,1,chr3_9792746+chrY_14122350+chr13_49071028+chr17_17364498+chr11_58101201+chr20_5729763+chrY_24111211
1111101101,EU,2,chr19_19492944+chr6_25276521+chr5_63514718+chr20_16544192+chr3_43153498+chr10_61490157
1111101110,EX,2,chr20_42897015+chr16_40178949+chr4_52247324+chr11_66398241+chr5_53554158+chr13_5888797+chrY_19032496+chr13_15055850
1111101111,EY,3,chr19_46885846+chrY_56154574+chr4_62548616+chr11_43616281+chr19_16455693
1111111100,FN,1,chr13_41062308+chr20_42383438+chr8_33990484+chr6_4965857+chr13_21380694+chr4_6913955
1111111101,FO,6,chr8_26451523+chr23_37418121+chr20_10807821+chr4_54257931+chrY_17483436+chrX_64144032
1111111110,FZ,3,chr19_29811383+chrX_23107632+chr2_33922704+chr14_21953957+chr17_19816002+chr7_38309012+chr4_50288066
1111111111,GA,7,chr6_53480936+chr20_42975302+chr11_63749909+chr5_8880968+chr12_20984281+chr17_15312731+chrX_56929149
10111011110,AT,1,chr9_66156104+chr16_11124048+chr17_12002890+chr1_66598597+chr1_20117620+chr12_20034031+chr9_15126589
10111011111,AU,1,chr13_52599652+chr21_4864067+chr1_47875917+chrX_30668763+chr23_23905252+chr1_44400436
11011111110,CP,1,chr15_54413532+chr16_43466627+chr9_41031072+chr12_298391+chr15_39781331
11011111111,CQ,1,chr15_63485235+chr21_38182395+chr21_44341818+chr20_42272714+chr3_46030920+chr11_41889133
11111010110,EN,1,chr5_40571616+chr14_53200627+chr15_20649061+chr6_62823399+chrX_47465054+chr13_1217847+chr18_40475908+chr3_55738001
11111010111,EO,2,chr10_12672422+chr11_64167565+chr7_35283862+chr12_57492545+chr19_23036040+chr13_49581976+chr4_4958066+chr4_28054517
11111011010,EV,1,chr18_42737047+chr12_16545347+chrY_6574461+chrY_39213318+chr18_42560174
11111011011,EW,1,chr10_21196091+chr4_52803534+chr21_24127702+chr3_23712341+chr14_5740125+chr20_50174845
11111011100,EZ,1,chr11_2053239+chr2_28939716+chr2_53968254+chr3_28759545+chr2_14600663
11111011101,FA,1,chr11_738648+chr9_5901846+chr7_31139389+chr5_8731404+chr8_5556537+chrY_54821310+chr2_4832767
11111011110,FB,1,chr8_59728136+chr2_46771973+chr9_43407423+chr11_30139812+chr9_9300739
11111011111,FC,2,chr18_61379869+chr5_8013359+chr15_54372882+chr3_38943425+chr1_21057998+chr16_37748451+chr10_55989751
11111111010,FP,3,chr7_24338288+chr6_18824616+chr11_52691794+chr3_21707347+chr16_60636557+chr15_4659825+chr18_7537095
11111111011,FQ,3,chr16_16424627+chr23_34491208+chr8_8051641+chr19_40591520+chr18_55793021
11111111100,GB,1,chr18_10665085+chr22_51989805+chr22_48427869+chr4_60945607+chr17_36701040+chr3_51605484+chr11_17259794+chr20_29194267
11111111101,GC,2,chr10_1363001+chr23_43446668+chr20_18724872+chr14_8713792+chr4_12245431+chr6_12400178
11111111110,GF,3,chrX_44342486+chr21_45238555+chr4_58649+chr20_42642415+chr14_49014347+chr1_55884133
11111111111,GG,4,chr6_64246128+chr8_55379879+chr20_23005828+chr22_54354685+chr11_18927707+chr10_63726497+chr11_19598301
111110101110,EP,1,chr8_6636218+chr1_25117785+chr7_64634339+chrX_24402113+chr5_21706047+chr11_32247384
111110101111,EQ,1,chr16_19177189+chr1_59252968+chrY_34521758+chr14_12615970+chr2_43015630+chr2_50334058+chrY_40290803
111110111110,FD,1,chr7_34817049+chr22_51531229+chr6_24527196+chr15_49979187+chr6_65046015+chrY_22883460
111110111111,FE,1,chr20_62012434+chr9_27554952+chr6_37046896+chr4_37219369+chrX_20417607+chr7_37297410
111111110100,FR,1,chrY_57912430+chr10_63228638+chr18_27923687+chr17_30170283+chr10_19186703+chr1_28354483+chr7_64712741+chr14_12252320+chr6_22095610
111111110101,FS,2,chr4_4613093+chr23_37542991+chr11_62906005+chr2_51371372+chr21_51539613+chr2_44367463+chr5_25985857+chr9_24894309
111111110110,FV,1,chr3_32699300+chr20_45718727+chr10_44804969+chr3_65010400+chr16_41670594+chr6_10501060+chr8_16097304
111111110111,FW,2,chrY_12269512+chr21_40210390+chr8_52147067+chr8_51881633+chr8_60232130+chr14_1607687
111111111010,GD,1,chr10_4065592+chr11_1497330+chr5_52599513+chr2_36021547+chr20_41688520+chr18_39492480+chr20_40570813
111111111011,GE,1,chr23_33962437+chr14_10283884+chr18_44843363+chr21_22873835+chr9_65014381+chr17_20031461
111111111100,GH,1,chr4_7729615+chr1_63901171+chr22_38646434+chr5_39350681+chr10_13134108+chr22_48413046+chr17_52312635
111111111101,GI,2,chr5_47273150+chr15_16723615+chr6_4893412+chr7_44160014+chrY_64395826+chrX_50206864+chr14_19801949
111111111110,GL,1,chr17_59564985+chr11_62504855+chr12_27044162+chr6_24135550+chr12_57346766+chr23_63642875
111111111111,GM,3,chr5_34325022+chr17_65690698+chr13_1562764+chr5_64374337+chr10_45589879
1111111101010,FT,1,chr12_14039572+chr4_25401773+chr10_25253189+chrY_56502257+chr14_18392892+chr20_38898589
1111111101011,FU,1,chr13_8461443+chr22_21235619+chr2_26508992+chr17_40963379+chr2_11409467
1111111101110,FX,1,chr22_23149802+chr4_44394053+chr19_51958007+chr7_41484210+chr10_44856026+chr18_34973370
1111111101111,FY,1,chr22_24039968+chr17_59054377+chr23_55691423+chr13_7236219+chr14_7097277+chr11_21182255
1111111111010,GJ,1,chr17_57029238+chr16_59452898+chr1_24723839+chr18_17917542+chr8_59544299+chr22_11519773
1111111111011,GK,1,chr21_62605710+chr10_32364311+chr3_65580923+chr9_51670180+chr7_58343064+chr6_44276191+chr7_14781751
1111111111110,GN,1,chr16_30088875+chr4_31380024+chr23_57741110+chrY_63815029+chrX_16695017+chr17_55587395+chr11_36736141
1111111111111,GO,2,chr3_32305609+chr9_9692432+chr22_14074175+chr2_49362875+chr19_39431398+chr6_66616357
11111111111110,GP,1,chr23_18416327+chr7_26454747+chr16_19330362+chr7_55868313+chr6_50436566+chr10_39641750+chr7_8384260
11111111111111,GQ,1,chr19_54941596+chrY_12074494+chr4_15219299+chr23_20569554+chr9_64057666+chr23_21213249
